<?xml version="1.0"?>
<!--<!DOCTYPE metadata SYSTEM "http://www.esri.com/metadata/esriprof80.dtd">-->
<metadata xml:lang="en"><Esri><CreaDate>20030203</CreaDate><CreaTime>08431200</CreaTime><SyncOnce>TRUE</SyncOnce><MetaID>{154D0D42-0D51-406E-B37A-DB2A01411F6E}</MetaID></Esri><idinfo><citation><citeinfo><onlink Sync="TRUE">\\jawfsrv\user\Harlan\NADM\DroughtImpacts\Drought_Impacts_NA</onlink></citeinfo></citation></idinfo><distInfo><distributor><distorTran><onLineSrc><linkage Sync="TRUE">file://\\jawfsrv\user\Harlan\NADM\DroughtImpacts\Drought_Impacts_NA</linkage><protocol Sync="TRUE">Local Area Network</protocol></onLineSrc></distorTran></distributor></distInfo><dataqual><lineage><procstep><procdesc Sync="TRUE">Dataset copied.</procdesc><srcused Sync="TRUE">C:\NADM\DroughtImpacts\Drought_Impacts_NA</srcused><date Sync="TRUE">20030203</date><time Sync="TRUE">08431200</time></procstep></lineage></dataqual></metadata>
