<?xml version="1.0"?>
<!--<!DOCTYPE metadata SYSTEM "http://www.esri.com/metadata/esriprof80.dtd">-->
<metadata xml:lang="en"><Esri><CreaDate>20030203</CreaDate><CreaTime>08440100</CreaTime><SyncOnce>TRUE</SyncOnce><MetaID>{2491AF12-5DE5-44AE-BF49-2A30A6DBA0DD}</MetaID></Esri><idinfo><citation><citeinfo><onlink Sync="TRUE">\\jawfsrv\user\Harlan\NADM\DroughtAreas\Drought_Areas_NA_D2</onlink></citeinfo></citation></idinfo><distInfo><distributor><distorTran><onLineSrc><linkage Sync="TRUE">file://\\jawfsrv\user\Harlan\NADM\DroughtAreas\Drought_Areas_NA_D2</linkage><protocol Sync="TRUE">Local Area Network</protocol></onLineSrc></distorTran></distributor></distInfo><dataqual><lineage><procstep><procdesc Sync="TRUE">Dataset copied.</procdesc><srcused Sync="TRUE">C:\NADM\DroughtAreas\Drought_Areas_NA_D2</srcused><date Sync="TRUE">20030203</date><time Sync="TRUE">08440100</time></procstep></lineage></dataqual></metadata>
