<?xml version="1.0"?>
<!--<!DOCTYPE metadata SYSTEM "http://www.esri.com/metadata/esriprof80.dtd">-->
<metadata xml:lang="en"><Esri><CreaDate>20030203</CreaDate><CreaTime>08435900</CreaTime><SyncOnce>TRUE</SyncOnce><MetaID>{BBBDCEAC-A9B2-44B7-B853-AB880FFE10B2}</MetaID></Esri><idinfo><citation><citeinfo><onlink Sync="TRUE">\\jawfsrv\user\Harlan\NADM\DroughtAreas\Drought_Areas_NA_D0</onlink></citeinfo></citation></idinfo><distInfo><distributor><distorTran><onLineSrc><linkage Sync="TRUE">file://\\jawfsrv\user\Harlan\NADM\DroughtAreas\Drought_Areas_NA_D0</linkage><protocol Sync="TRUE">Local Area Network</protocol></onLineSrc></distorTran></distributor></distInfo><dataqual><lineage><procstep><procdesc Sync="TRUE">Dataset copied.</procdesc><srcused Sync="TRUE">E:\Harlan\NADM\DroughtAreas\Drought_Areas_NA_D0</srcused><date Sync="TRUE">20021216</date><time Sync="TRUE">07535300</time></procstep><procstep><procdesc Sync="TRUE">Dataset copied.</procdesc><srcused Sync="TRUE">C:\NADM\DroughtAreas\Drought_Areas_NA_D0</srcused><date Sync="TRUE">20030203</date><time Sync="TRUE">08435900</time></procstep></lineage></dataqual></metadata>
